-- Seed data for Bella Vista Restaurant

-- 1. Business
INSERT INTO businesses (id, name, industry, owner_email) VALUES 
('11111111-1111-1111-1111-111111111111', 'Bella Vista Restaurant', 'restaurant', 'owner@bellavista.com');

-- 2. Customers
INSERT INTO customers (id, business_id, name, email, phone, segment) VALUES 
('c0000000-0000-0000-0000-000000000001', '11111111-1111-1111-1111-111111111111', 'Alice Smith', 'alice@example.com', '555-0101', 'vip'),
('c0000000-0000-0000-0000-000000000002', '11111111-1111-1111-1111-111111111111', 'Bob Johnson', 'bob@example.com', '555-0102', 'new'),
('c0000000-0000-0000-0000-000000000003', '11111111-1111-1111-1111-111111111111', 'Charlie Brown', 'charlie@example.com', '555-0103', 'returning'),
('c0000000-0000-0000-0000-000000000004', '11111111-1111-1111-1111-111111111111', 'Diana Prince', 'diana@example.com', '555-0104', 'vip'),
('c0000000-0000-0000-0000-000000000005', '11111111-1111-1111-1111-111111111111', 'Ethan Hunt', 'ethan@example.com', '555-0105', 'new'),
('c0000000-0000-0000-0000-000000000006', '11111111-1111-1111-1111-111111111111', 'Fiona Gallagher', 'fiona@example.com', '555-0106', 'returning'),
('c0000000-0000-0000-0000-000000000007', '11111111-1111-1111-1111-111111111111', 'George Costanza', 'george@example.com', '555-0107', 'vip'),
('c0000000-0000-0000-0000-000000000008', '11111111-1111-1111-1111-111111111111', 'Hannah Abbott', 'hannah@example.com', '555-0108', 'returning');

-- 3. Products
INSERT INTO products (id, business_id, name, category, price, cost) VALUES 
('d0000000-0000-0000-0000-000000000001', '11111111-1111-1111-1111-111111111111', 'Truffle Pasta', 'Main', 28.00, 8.00),
('d0000000-0000-0000-0000-000000000002', '11111111-1111-1111-1111-111111111111', 'Margherita Pizza', 'Main', 18.00, 4.50),
('d0000000-0000-0000-0000-000000000003', '11111111-1111-1111-1111-111111111111', 'Garlic Bread', 'Starter', 8.00, 2.00),
('d0000000-0000-0000-0000-000000000004', '11111111-1111-1111-1111-111111111111', 'Caesar Salad', 'Starter', 12.00, 3.50),
('d0000000-0000-0000-0000-000000000005', '11111111-1111-1111-1111-111111111111', 'Tiramisu', 'Dessert', 10.00, 3.00),
('d0000000-0000-0000-0000-000000000006', '11111111-1111-1111-1111-111111111111', 'House Red Wine', 'Beverage', 35.00, 12.00);

-- 4. Inventory
INSERT INTO inventory (id, business_id, product_id, quantity, reorder_level, supplier_name, last_restocked_at) VALUES 
(gen_random_uuid(), '11111111-1111-1111-1111-111111111111', 'd0000000-0000-0000-0000-000000000001', 50, 20, 'Italian Imports Co', now() - interval '5 days'),
(gen_random_uuid(), '11111111-1111-1111-1111-111111111111', 'd0000000-0000-0000-0000-000000000002', 100, 30, 'Local Farms', now() - interval '2 days'),
(gen_random_uuid(), '11111111-1111-1111-1111-111111111111', 'd0000000-0000-0000-0000-000000000003', 15, 20, 'Local Bakery', now() - interval '3 days'), -- below reorder level
(gen_random_uuid(), '11111111-1111-1111-1111-111111111111', 'd0000000-0000-0000-0000-000000000004', 40, 15, 'Local Farms', now() - interval '1 days'),
(gen_random_uuid(), '11111111-1111-1111-1111-111111111111', 'd0000000-0000-0000-0000-000000000005', 8, 15, 'Italian Imports Co', now() - interval '7 days'), -- below reorder level
(gen_random_uuid(), '11111111-1111-1111-1111-111111111111', 'd0000000-0000-0000-0000-000000000006', 25, 12, 'Vineyards Dist', now() - interval '14 days');

-- 5. Sales (25 rows)
-- We ensure a clear ~20% dip (or more) in the most recent 14 days compared to the prior 14 days.
-- Prior 14 days (days -15 to -28): 12 sales (High volume)
-- Recent 14 days (days -1 to -14): 8 sales (Lower volume)
-- Rest of the 60 days (days -29 to -60): 5 sales

INSERT INTO sales (business_id, customer_id, product_id, quantity, total_amount, sale_date) VALUES 
-- Older than 28 days
('11111111-1111-1111-1111-111111111111', 'c0000000-0000-0000-0000-000000000001', 'd0000000-0000-0000-0000-000000000006', 2, 70.00, current_date - 45),
('11111111-1111-1111-1111-111111111111', 'c0000000-0000-0000-0000-000000000002', 'd0000000-0000-0000-0000-000000000002', 3, 54.00, current_date - 40),
('11111111-1111-1111-1111-111111111111', 'c0000000-0000-0000-0000-000000000003', 'd0000000-0000-0000-0000-000000000001', 1, 28.00, current_date - 35),
('11111111-1111-1111-1111-111111111111', 'c0000000-0000-0000-0000-000000000004', 'd0000000-0000-0000-0000-000000000005', 2, 20.00, current_date - 32),
('11111111-1111-1111-1111-111111111111', 'c0000000-0000-0000-0000-000000000007', 'd0000000-0000-0000-0000-000000000003', 4, 32.00, current_date - 30),

-- Prior 14 days (-28 to -15 days), Strong performance
('11111111-1111-1111-1111-111111111111', 'c0000000-0000-0000-0000-000000000001', 'd0000000-0000-0000-0000-000000000001', 2, 56.00, current_date - 25),
('11111111-1111-1111-1111-111111111111', 'c0000000-0000-0000-0000-000000000002', 'd0000000-0000-0000-0000-000000000006', 3, 105.00, current_date - 24),
('11111111-1111-1111-1111-111111111111', 'c0000000-0000-0000-0000-000000000003', 'd0000000-0000-0000-0000-000000000001', 3, 84.00, current_date - 23),
('11111111-1111-1111-1111-111111111111', 'c0000000-0000-0000-0000-000000000004', 'd0000000-0000-0000-0000-000000000006', 2, 70.00, current_date - 22),
('11111111-1111-1111-1111-111111111111', 'c0000000-0000-0000-0000-000000000005', 'd0000000-0000-0000-0000-000000000002', 4, 72.00, current_date - 21),
('11111111-1111-1111-1111-111111111111', 'c0000000-0000-0000-0000-000000000006', 'd0000000-0000-0000-0000-000000000001', 2, 56.00, current_date - 20),
('11111111-1111-1111-1111-111111111111', 'c0000000-0000-0000-0000-000000000007', 'd0000000-0000-0000-0000-000000000006', 4, 140.00, current_date - 19),
('11111111-1111-1111-1111-111111111111', 'c0000000-0000-0000-0000-000000000008', 'd0000000-0000-0000-0000-000000000001', 3, 84.00, current_date - 18),
('11111111-1111-1111-1111-111111111111', 'c0000000-0000-0000-0000-000000000001', 'd0000000-0000-0000-0000-000000000005', 5, 50.00, current_date - 17),
('11111111-1111-1111-1111-111111111111', 'c0000000-0000-0000-0000-000000000002', 'd0000000-0000-0000-0000-000000000002', 3, 54.00, current_date - 17),
('11111111-1111-1111-1111-111111111111', 'c0000000-0000-0000-0000-000000000003', 'd0000000-0000-0000-0000-000000000006', 2, 70.00, current_date - 16),
('11111111-1111-1111-1111-111111111111', 'c0000000-0000-0000-0000-000000000004', 'd0000000-0000-0000-0000-000000000001', 1, 28.00, current_date - 15),

-- Recent 14 days (-14 to 0 days), Dip in performance
('11111111-1111-1111-1111-111111111111', 'c0000000-0000-0000-0000-000000000005', 'd0000000-0000-0000-0000-000000000002', 2, 36.00, current_date - 12),
('11111111-1111-1111-1111-111111111111', 'c0000000-0000-0000-0000-000000000006', 'd0000000-0000-0000-0000-000000000003', 2, 16.00, current_date - 11),
('11111111-1111-1111-1111-111111111111', 'c0000000-0000-0000-0000-000000000007', 'd0000000-0000-0000-0000-000000000001', 2, 56.00, current_date - 9),
('11111111-1111-1111-1111-111111111111', 'c0000000-0000-0000-0000-000000000008', 'd0000000-0000-0000-0000-000000000006', 4, 140.00, current_date - 7),
('11111111-1111-1111-1111-111111111111', 'c0000000-0000-0000-0000-000000000001', 'd0000000-0000-0000-0000-000000000001', 3, 84.00, current_date - 6),
('11111111-1111-1111-1111-111111111111', 'c0000000-0000-0000-0000-000000000002', 'd0000000-0000-0000-0000-000000000002', 3, 54.00, current_date - 4),
('11111111-1111-1111-1111-111111111111', 'c0000000-0000-0000-0000-000000000003', 'd0000000-0000-0000-0000-000000000006', 2, 70.00, current_date - 2),
('11111111-1111-1111-1111-111111111111', 'c0000000-0000-0000-0000-000000000004', 'd0000000-0000-0000-0000-000000000001', 1, 28.00, current_date - 1);

-- 6. Invoices (10)
INSERT INTO invoices (id, business_id, customer_id, amount, status, issued_date, due_date) VALUES 
(gen_random_uuid(), '11111111-1111-1111-1111-111111111111', 'c0000000-0000-0000-0000-000000000001', 150.00, 'paid', current_date - 30, current_date - 15),
(gen_random_uuid(), '11111111-1111-1111-1111-111111111111', 'c0000000-0000-0000-0000-000000000002', 45.00, 'paid', current_date - 25, current_date - 10),
(gen_random_uuid(), '11111111-1111-1111-1111-111111111111', 'c0000000-0000-0000-0000-000000000003', 200.00, 'paid', current_date - 20, current_date - 5),
(gen_random_uuid(), '11111111-1111-1111-1111-111111111111', 'c0000000-0000-0000-0000-000000000004', 320.00, 'pending', current_date - 5, current_date + 10),
(gen_random_uuid(), '11111111-1111-1111-1111-111111111111', 'c0000000-0000-0000-0000-000000000005', 95.00, 'pending', current_date - 2, current_date + 13),
(gen_random_uuid(), '11111111-1111-1111-1111-111111111111', 'c0000000-0000-0000-0000-000000000006', 110.00, 'overdue', current_date - 40, current_date - 25),
(gen_random_uuid(), '11111111-1111-1111-1111-111111111111', 'c0000000-0000-0000-0000-000000000007', 75.00, 'overdue', current_date - 35, current_date - 20),
(gen_random_uuid(), '11111111-1111-1111-1111-111111111111', 'c0000000-0000-0000-0000-000000000008', 210.00, 'paid', current_date - 15, current_date),
(gen_random_uuid(), '11111111-1111-1111-1111-111111111111', 'c0000000-0000-0000-0000-000000000001', 300.00, 'pending', current_date - 1, current_date + 14),
(gen_random_uuid(), '11111111-1111-1111-1111-111111111111', 'c0000000-0000-0000-0000-000000000002', 15.00, 'overdue', current_date - 20, current_date - 5);

-- 7. Appointments (6)
INSERT INTO appointments (id, business_id, customer_id, service_name, appointment_date, status) VALUES 
(gen_random_uuid(), '11111111-1111-1111-1111-111111111111', 'c0000000-0000-0000-0000-000000000001', 'Private Dining Reservation', now() - interval '5 days', 'completed'),
(gen_random_uuid(), '11111111-1111-1111-1111-111111111111', 'c0000000-0000-0000-0000-000000000002', 'Table for 2', now() - interval '2 days', 'completed'),
(gen_random_uuid(), '11111111-1111-1111-1111-111111111111', 'c0000000-0000-0000-0000-000000000003', 'Event Catering Consultation', now() + interval '2 days', 'scheduled'),
(gen_random_uuid(), '11111111-1111-1111-1111-111111111111', 'c0000000-0000-0000-0000-000000000004', 'Table for 4', now() + interval '5 days', 'scheduled'),
(gen_random_uuid(), '11111111-1111-1111-1111-111111111111', 'c0000000-0000-0000-0000-000000000005', 'Table for 2', now() - interval '10 days', 'cancelled'),
(gen_random_uuid(), '11111111-1111-1111-1111-111111111111', 'c0000000-0000-0000-0000-000000000006', 'Private Event', now() + interval '14 days', 'scheduled');

-- 8. Support Tickets (5)
INSERT INTO support_tickets (id, business_id, customer_id, subject, description, status, sentiment) VALUES 
(gen_random_uuid(), '11111111-1111-1111-1111-111111111111', 'c0000000-0000-0000-0000-000000000001', 'Great experience', 'Loved the new menu, especially the truffle pasta.', 'resolved', 'positive'),
(gen_random_uuid(), '11111111-1111-1111-1111-111111111111', 'c0000000-0000-0000-0000-000000000002', 'Food was cold', 'The pizza arrived cold and the crust was soggy. Unacceptable food quality.', 'open', 'negative'),
(gen_random_uuid(), '11111111-1111-1111-1111-111111111111', 'c0000000-0000-0000-0000-000000000003', 'Question about catering', 'Do you cater for weddings of ~100 people?', 'resolved', 'neutral'),
(gen_random_uuid(), '11111111-1111-1111-1111-111111111111', 'c0000000-0000-0000-0000-000000000004', 'Long wait time', 'We waited over 45 minutes for our table despite having a reservation. The wait times are ridiculous.', 'in_progress', 'negative'),
(gen_random_uuid(), '11111111-1111-1111-1111-111111111111', 'c0000000-0000-0000-0000-000000000005', 'Lost item', 'I think I left my umbrella at table 4 yesterday.', 'open', 'neutral');

-- 9. Marketing Campaigns (2)
INSERT INTO marketing_campaigns (id, business_id, name, channel, status, reach, conversions) VALUES 
(gen_random_uuid(), '11111111-1111-1111-1111-111111111111', 'Summer Special Newsletter', 'email', 'completed', 5000, 250),
(gen_random_uuid(), '11111111-1111-1111-1111-111111111111', 'Weekend Brunch Promo', 'social', 'active', 15000, 120);
